Segment,Total_Revenue,Average_Revenue,User_Count
Non-spenders,0.06,0.01,6
Low spenders,8268.53,4.798914683691237,1723
Medium spenders,125039.6,27.325087412587415,4576
High spenders,368466.47,99.74728478613967,3694
